<?xml version="1.0" encoding="UTF-8"?>
<project-private xmlns="http://www.netbeans.org/ns/project-private/1">
    <editor-bookmarks xmlns="http://www.netbeans.org/ns/editor-bookmarks/2" lastBookmarkId="0"/>
    <open-files xmlns="http://www.netbeans.org/ns/projectui-open-files/2">
        <group>
            <file>file:/F:/Java%20Study/1%20to%2010/practical-8%20%20BankAccount/practical8_AJP/web/account.jsp</file>
            <file>file:/F:/Java%20Study/1%20to%2010/practical-8%20%20BankAccount/practical8_AJP/src/java/beans/BankAccount.java</file>
            <file>file:/F:/Java%20Study/1%20to%2010/practical-8%20%20BankAccount/practical8_AJP/web/Index.jsp</file>
        </group>
    </open-files>
</project-private>
