<?xml version="1.0" encoding="UTF-8"?>
<project-private xmlns="http://www.netbeans.org/ns/project-private/1">
    <editor-bookmarks xmlns="http://www.netbeans.org/ns/editor-bookmarks/2" lastBookmarkId="0"/>
    <open-files xmlns="http://www.netbeans.org/ns/projectui-open-files/2">
        <group>
            <file>file:/F:/Java%20Study/1%20to%2010/practical-2/practical-2_AJP/src/java/Pract2.java</file>
            <file>file:/F:/Java%20Study/1%20to%2010/practical-2/practical-2_AJP/web/index.html</file>
        </group>
    </open-files>
</project-private>
